{"cameraMode":{"drawMode":0,"name":"Shaded","section":"Shading Mode"},"sceneLighting":false,"audioPlay":false,"sceneViewState":{"m_AlwaysRefresh":false,"showFog":true,"showSkybox":false,"showFlares":true,"showImageEffects":true,"showParticleSystems":true,"showVisualEffectGraphs":true,"m_FxEnabled":true},"in2DMode":false,"pivot":{"x":-0.8470863699913025,"y":1.3397220373153687,"z":-3.5762786865234377e-7},"rotation":{"x":0.02579444833099842,"y":0.027292529121041299,"z":-0.0008604438044130802,"w":0.9993488788604736},"size":1.9208580255508423,"orthographic":false}