{"cameraMode":{"drawMode":0,"name":"Shaded","section":"Shading Mode"},"sceneLighting":false,"audioPlay":false,"sceneViewState":{"showFog":true,"showMaterialUpdate":false,"showSkybox":false,"showFlares":true,"showImageEffects":true,"showParticleSystems":true},"in2DMode":false,"pivot":{"x":-50.930641174316409,"y":2.759999990463257,"z":25.41817283630371},"rotation":{"x":0.39477619528770449,"y":-0.06309744715690613,"z":0.027019809931516649,"w":0.9162614345550537},"size":0.000020243127437424846,"orthographic":false}