{"cameraMode":{"drawMode":0,"name":"Shaded","section":"Shading Mode"},"sceneLighting":true,"audioPlay":false,"sceneViewState":{"showFog":true,"showMaterialUpdate":false,"showSkybox":true,"showFlares":true,"showImageEffects":true,"showParticleSystems":true},"in2DMode":false,"pivot":{"x":275.134521484375,"y":306.8445129394531,"z":54.50615310668945},"rotation":{"x":0.10360338538885117,"y":-0.023580104112625123,"z":0.0023027569986879827,"w":0.9943894743919373},"size":301.59307861328127,"orthographic":false}