{"cameraMode":{"drawMode":0,"name":"Shaded","section":"Shading Mode"},"sceneLighting":false,"audioPlay":false,"sceneViewState":{"m_AlwaysRefresh":false,"showFog":true,"showSkybox":false,"showFlares":true,"showImageEffects":true,"showParticleSystems":true,"showVisualEffectGraphs":true,"m_FxEnabled":true},"in2DMode":false,"pivot":{"x":-0.8470863699913025,"y":1.3397220373153687,"z":-3.5762786865234377e-7},"rotation":{"x":0.10360338538885117,"y":-0.023580104112625123,"z":0.0023027569986879827,"w":0.9943894743919373},"size":1.9208580255508423,"orthographic":false}