{"cameraMode":{"drawMode":0,"name":"Shaded","section":"Shading Mode"},"sceneLighting":false,"audioPlay":false,"sceneViewState":{"m_AlwaysRefresh":false,"showFog":true,"showSkybox":false,"showFlares":true,"showImageEffects":true,"showParticleSystems":true,"showVisualEffectGraphs":true,"m_FxEnabled":true},"in2DMode":false,"pivot":{"x":-51.77705764770508,"y":1.3597220182418824,"z":29.366933822631837},"rotation":{"x":0.02579444833099842,"y":0.027292529121041299,"z":-0.0008604438044130802,"w":0.9993488788604736},"size":0.5196143984794617,"orthographic":false}